[
    {
      "_id": "A101",
        "title": "A1 SETUP",
        "description": "Week 0 - SETUP -Week starting on Monday September 5th (9/5/2022) Module",
        "dueDate": "Due Sep 18, 2022 at 11:59pm", "course": "202410_2"
    },
    {"_id": "A102",
        "title": "A2 HTML",
        "description": "Week 0 - SETUP -Week starting on Monday September 5th (9/5/2022) Module",
        "dueDate": "Due Sep 18, 2022 at 11:59pm", "course": "202410_2"
    },
    {"_id": "A103",
        "title": "A3 CSS",
        "description": "Week 0 - SETUP -Week starting on Monday September 5th (9/5/2022) Module",
        "dueDate": "Due Sep 18, 2022 at 11:59pm", "course": "202410_2"
    },
    {"_id": "A104",
        "title": "A4 BOOTSTRAP",
        "description": "Week 0 - SETUP -Week starting on Monday September 5th (9/5/2022) Module",
        "dueDate": "Due Sep 18, 2022 at 11:59pm", "course": "202410_2"
    },
    {"_id": "A105",
        "title": "A5 JAVASCRIPT",
        "description": "Week 0 - SETUP -Week starting on Monday September 5th (9/5/2022) Module",
        "dueDate": "Due Sep 18, 2022 at 11:59pm", "course": "202410_2"
    },
    {"_id": "A106",
        "title": "A6 REACT",
        "description": "Week 0 - SETUP -Week starting on Monday September 5th (9/5/2022) Module",
        "dueDate": "Due Sep 18, 2022 at 11:59pm", "course": "202410_2"
    },

    {
        "_id": "A101",
          "title": "A1 SETUP",
          "description": "Week 0 - SETUP -Week starting on Monday September 5th (9/5/2022) Module",
          "dueDate": "Due Sep 18, 2022 at 11:59pm", "course": "202410_3"
      },
      {"_id": "A102",
          "title": "A2 HTML",
          "description": "Week 0 - SETUP -Week starting on Monday September 5th (9/5/2022) Module",
          "dueDate": "Due Sep 18, 2022 at 11:59pm", "course": "202410_3"
      },
      {"_id": "A103",
          "title": "A3 CSS",
          "description": "Week 0 - SETUP -Week starting on Monday September 5th (9/5/2022) Module",
          "dueDate": "Due Sep 18, 2022 at 11:59pm", "course": "202410_3"
      },
      {"_id": "A104",
          "title": "A4 BOOTSTRAP",
          "description": "Week 0 - SETUP -Week starting on Monday September 5th (9/5/2022) Module",
          "dueDate": "Due Sep 18, 2022 at 11:59pm", "course": "202410_3"
      },
      {"_id": "A105",
          "title": "A5 JAVASCRIPT",
          "description": "Week 0 - SETUP -Week starting on Monday September 5th (9/5/2022) Module",
          "dueDate": "Due Sep 18, 2022 at 11:59pm", "course": "202410_3"
      },
      {"_id": "A106",
          "title": "A6 REACT",
          "description": "Week 0 - SETUP -Week starting on Monday September 5th (9/5/2022) Module",
          "dueDate": "Due Sep 18, 2022 at 11:59pm", "course": "202410_3"
      },

      {
        "_id": "A101",
          "title": "A1 SETUP",
          "description": "Week 0 - SETUP -Week starting on Monday September 5th (9/5/2022) Module",
          "dueDate": "Due Sep 18, 2022 at 11:59pm", "course": "202410_4"
      },
      {"_id": "A102",
          "title": "A2 HTML",
          "description": "Week 0 - SETUP -Week starting on Monday September 5th (9/5/2022) Module",
          "dueDate": "Due Sep 18, 2022 at 11:59pm", "course": "202410_4"
      },
      {"_id": "A103",
          "title": "A3 CSS",
          "description": "Week 0 - SETUP -Week starting on Monday September 5th (9/5/2022) Module",
          "dueDate": "Due Sep 18, 2022 at 11:59pm", "course": "202410_4"
      },
      {"_id": "A104",
          "title": "A4 BOOTSTRAP",
          "description": "Week 0 - SETUP -Week starting on Monday September 5th (9/5/2022) Module",
          "dueDate": "Due Sep 18, 2022 at 11:59pm", "course": "202410_4"
      },
      {"_id": "A105",
          "title": "A5 JAVASCRIPT",
          "description": "Week 0 - SETUP -Week starting on Monday September 5th (9/5/2022) Module",
          "dueDate": "Due Sep 18, 2022 at 11:59pm", "course": "202410_4"
      },
      {"_id": "A106",
          "title": "A6 REACT",
          "description": "Week 0 - SETUP -Week starting on Monday September 5th (9/5/2022) Module",
          "dueDate": "Due Sep 18, 2022 at 11:59pm", "course": "202410_4"
      },

      {
        "_id": "A101",
          "title": "A1 SETUP",
          "description": "Week 0 - SETUP -Week starting on Monday September 5th (9/5/2022) Module",
          "dueDate": "Due Sep 18, 2022 at 11:59pm", "course": "202410_5"
      },
      {"_id": "A102",
          "title": "A2 HTML",
          "description": "Week 0 - SETUP -Week starting on Monday September 5th (9/5/2022) Module",
          "dueDate": "Due Sep 18, 2022 at 11:59pm", "course": "202410_5"
      },
      {"_id": "A103",
          "title": "A3 CSS",
          "description": "Week 0 - SETUP -Week starting on Monday September 5th (9/5/2022) Module",
          "dueDate": "Due Sep 18, 2022 at 11:59pm", "course": "202410_5"
      },
      {"_id": "A104",
          "title": "A4 BOOTSTRAP",
          "description": "Week 0 - SETUP -Week starting on Monday September 5th (9/5/2022) Module",
          "dueDate": "Due Sep 18, 2022 at 11:59pm", "course": "202410_5"
      },
      {"_id": "A105",
          "title": "A5 JAVASCRIPT",
          "description": "Week 0 - SETUP -Week starting on Monday September 5th (9/5/2022) Module",
          "dueDate": "Due Sep 18, 2022 at 11:59pm", "course": "202410_5"
      },
      {"_id": "A106",
          "title": "A6 REACT",
          "description": "Week 0 - SETUP -Week starting on Monday September 5th (9/5/2022) Module",
          "dueDate": "Due Sep 18, 2022 at 11:59pm", "course": "202410_5"
      },

      {
        "_id": "A101",
          "title": "A1 SETUP",
          "description": "Week 0 - SETUP -Week starting on Monday September 5th (9/5/2022) Module",
          "dueDate": "Due Sep 18, 2022 at 11:59pm", "course": "202410_6"
      },
      {"_id": "A102",
          "title": "A2 HTML",
          "description": "Week 0 - SETUP -Week starting on Monday September 5th (9/5/2022) Module",
          "dueDate": "Due Sep 18, 2022 at 11:59pm", "course": "202410_6"
      },
      {"_id": "A103",
          "title": "A3 CSS",
          "description": "Week 0 - SETUP -Week starting on Monday September 5th (9/5/2022) Module",
          "dueDate": "Due Sep 18, 2022 at 11:59pm", "course": "202410_6"
      },
      {"_id": "A104",
          "title": "A4 BOOTSTRAP",
          "description": "Week 0 - SETUP -Week starting on Monday September 5th (9/5/2022) Module",
          "dueDate": "Due Sep 18, 2022 at 11:59pm", "course": "202410_6"
      },
      {"_id": "A105",
          "title": "A5 JAVASCRIPT",
          "description": "Week 0 - SETUP -Week starting on Monday September 5th (9/5/2022) Module",
          "dueDate": "Due Sep 18, 2022 at 11:59pm", "course": "202410_6"
      },
      {"_id": "A106",
          "title": "A6 REACT",
          "description": "Week 0 - SETUP -Week starting on Monday September 5th (9/5/2022) Module",
          "dueDate": "Due Sep 18, 2022 at 11:59pm", "course": "202410_6"
      },

      {
        "_id": "A101",
          "title": "A1 SETUP",
          "description": "Week 0 - SETUP -Week starting on Monday September 5th (9/5/2022) Module",
          "dueDate": "Due Sep 18, 2022 at 11:59pm", "course": "202410_7"
      },
      {"_id": "A102",
          "title": "A2 HTML",
          "description": "Week 0 - SETUP -Week starting on Monday September 5th (9/5/2022) Module",
          "dueDate": "Due Sep 18, 2022 at 11:59pm", "course": "202410_7"
      },
      {"_id": "A103",
          "title": "A3 CSS",
          "description": "Week 0 - SETUP -Week starting on Monday September 5th (9/5/2022) Module",
          "dueDate": "Due Sep 18, 2022 at 11:59pm", "course": "202410_7"
      },
      {"_id": "A104",
          "title": "A4 BOOTSTRAP",
          "description": "Week 0 - SETUP -Week starting on Monday September 5th (9/5/2022) Module",
          "dueDate": "Due Sep 18, 2022 at 11:59pm", "course": "202410_7"
      },
      {"_id": "A105",
          "title": "A5 JAVASCRIPT",
          "description": "Week 0 - SETUP -Week starting on Monday September 5th (9/5/2022) Module",
          "dueDate": "Due Sep 18, 2022 at 11:59pm", "course": "202410_7"
      },
      {"_id": "A106",
          "title": "A6 REACT",
          "description": "Week 0 - SETUP -Week starting on Monday September 5th (9/5/2022) Module",
          "dueDate": "Due Sep 18, 2022 at 11:59pm", "course": "202410_7"
      },

      {
        "_id": "A101",
          "title": "A1 SETUP",
          "description": "Week 0 - SETUP -Week starting on Monday September 5th (9/5/2022) Module",
          "dueDate": "Due Sep 18, 2022 at 11:59pm", "course": "202410_8"
      },
      {"_id": "A102",
          "title": "A2 HTML",
          "description": "Week 0 - SETUP -Week starting on Monday September 5th (9/5/2022) Module",
          "dueDate": "Due Sep 18, 2022 at 11:59pm", "course": "202410_8"
      },
      {"_id": "A103",
          "title": "A3 CSS",
          "description": "Week 0 - SETUP -Week starting on Monday September 5th (9/5/2022) Module",
          "dueDate": "Due Sep 18, 2022 at 11:59pm", "course": "202410_8"
      },
      {"_id": "A104",
          "title": "A4 BOOTSTRAP",
          "description": "Week 0 - SETUP -Week starting on Monday September 5th (9/5/2022) Module",
          "dueDate": "Due Sep 18, 2022 at 11:59pm", "course": "202410_8"
      },
      {"_id": "A105",
          "title": "A5 JAVASCRIPT",
          "description": "Week 0 - SETUP -Week starting on Monday September 5th (9/5/2022) Module",
          "dueDate": "Due Sep 18, 2022 at 11:59pm", "course": "202410_8"
      },
      {"_id": "A106",
          "title": "A6 REACT",
          "description": "Week 0 - SETUP -Week starting on Monday September 5th (9/5/2022) Module",
          "dueDate": "Due Sep 18, 2022 at 11:59pm", "course": "202410_8"
      },

      {
        "_id": "A101",
          "title": "A1 SETUP",
          "description": "Week 0 - SETUP -Week starting on Monday September 5th (9/5/2022) Module",
          "dueDate": "Due Sep 18, 2022 at 11:59pm", "course": "202410_9"
      },
      {"_id": "A102",
          "title": "A2 HTML",
          "description": "Week 0 - SETUP -Week starting on Monday September 5th (9/5/2022) Module",
          "dueDate": "Due Sep 18, 2022 at 11:59pm", "course": "202410_9"
      },
      {"_id": "A103",
          "title": "A3 CSS",
          "description": "Week 0 - SETUP -Week starting on Monday September 5th (9/5/2022) Module",
          "dueDate": "Due Sep 18, 2022 at 11:59pm", "course": "202410_9"
      },
      {"_id": "A104",
          "title": "A4 BOOTSTRAP",
          "description": "Week 0 - SETUP -Week starting on Monday September 5th (9/5/2022) Module",
          "dueDate": "Due Sep 18, 2022 at 11:59pm", "course": "202410_9"
      },
      {"_id": "A105",
          "title": "A5 JAVASCRIPT",
          "description": "Week 0 - SETUP -Week starting on Monday September 5th (9/5/2022) Module",
          "dueDate": "Due Sep 18, 2022 at 11:59pm", "course": "202410_9"
      },
      {"_id": "A106",
          "title": "A6 REACT",
          "description": "Week 0 - SETUP -Week starting on Monday September 5th (9/5/2022) Module",
          "dueDate": "Due Sep 18, 2022 at 11:59pm", "course": "202410_9"
      }
]
