[
    {"_id":"202410_2","title":"CS 5610 11550 Web Development", "cardText": "CS 5610 11550 Web ...", "url":"/Kanbas/Courses/Home/Kanbas/Kanbas/Courses/Home#/Kanbas/Courses", "startDate": "2023-09-10", "endDate": "2023-12-15","number":"CS 5610"},
    {"_id":"202410_3","title":"CS 5610 11550 Web Development", "cardText": "CS 5610 11550 Web ...", "url":"/Kanbas/Courses/Home/Kanbas/Kanbas/Courses/Home#/Kanbas/Courses", "startDate": "2023-09-10", "endDate": "2023-12-15","number":"CS 5610"},
    {"_id":"202410_4","title":"CS 5610 11550 Web Development", "cardText": "CS 5610 11550 Web ...", "url":"/Kanbas/Courses/Home/Kanbas/Kanbas/Courses/Home#/Kanbas/Courses", "startDate": "2023-09-10", "endDate": "2023-12-15","number":"CS 5610"},
    {"_id":"202410_5","title":"CS 5610 11550 Web Development", "cardText": "CS 5610 11550 Web ...", "url":"/Kanbas/Courses/Home/Kanbas/Kanbas/Courses/Home#/Kanbas/Courses", "startDate": "2023-09-10", "endDate": "2023-12-15","number":"CS 5610"},
    {"_id":"202410_6","title":"CS 5610 11550 Web Development", "cardText": "CS 5610 11550 Web ...", "url":"/Kanbas/Courses/Home/Kanbas/Kanbas/Courses/Home#/Kanbas/Courses", "startDate": "2023-09-10", "endDate": "2023-12-15","number":"CS 5610"},
    {"_id":"202410_7","title":"CS 5610 11550 Web Development", "cardText": "CS 5610 11550 Web ...", "url":"/Kanbas/Courses/Home/Kanbas/Kanbas/Courses/Home#/Kanbas/Courses", "startDate": "2023-09-10", "endDate": "2023-12-15","number":"CS 5610"},
    {"_id":"202410_8","title":"CS 5610 11550 Web Development", "cardText": "CS 5610 11550 Web ...", "url":"/Kanbas/Courses/Home/Kanbas/Kanbas/Courses/Home#/Kanbas/Courses", "startDate": "2023-09-10", "endDate": "2023-12-15","number":"CS 5610"},
    {"_id":"202410_9","title":"CS 5610 11550 Web Development", "cardText": "CS 5610 11550 Web ...", "url":"/Kanbas/Courses/Home/Kanbas/Kanbas/Courses/Home#/Kanbas/Courses", "startDate": "2023-09-10", "endDate": "2023-12-15","number":"CS 5610"}
 
    ]